"","Year","Hybrid","X","intercept","density","density.2","YE","YE.density","R.squared","min","max","Plot_Num","Site_Num"
"1",2015,"DKC5032YG",21,-164.081530701799,1.89426087031773,-0.000820660633333245,12.0883273121275,-0.123474848551123,0.685966245260339,13.7965278827273,14.0223289803636,10,1
"2",2015,"DKC5632",16,33.9144981938583,-0.224903011045784,-9.61143492063421e-05,-1.68574558245943,0.0188688811768642,0.297274557605706,13.6221711109,14.0228899841818,20,2
"3",2015,"DKC5830",13,29.8610263657798,-0.297205235465918,-0.00100798276129032,-1.70340390754474,0.0358755510188521,0.833811158996768,13.1425891160299,15.2093236261194,9,1
"4",2015,"DKC6050",1,16.9560133493517,-0.189716683285585,0.000709521063961958,0.0226229465740009,0.00617597923629284,0.296818242384925,13.1487521294545,16.4126162092727,19,2
"5",2015,"DKC6340",2,3.04030368134036,-0.056977705400999,-9.37827461831438e-05,0.659360468424644,0.00613044621888673,0.680489014988976,13.271265230209,16.4911097992727,27,3
"6",2015,"DKC6351",17,119.295722676284,-0.620676463535895,-0.000653050174603172,-8.27228080424844,0.0562392762085716,0.650684675813008,13.2362766662333,13.945401648,20,2
"7",2015,"DKC6442",22,-248.349527633715,1.72897676155344,-0.000437608007936545,18.2914938393899,-0.115679735089393,0.895321934677591,13.8261193787273,13.9662521045455,10,1
"8",2015,"DKC6532",18,-241.552607747968,2.77569214003296,-0.000943026455555568,17.7391720114459,-0.187609345748067,0.239004264281702,13.7894249995667,13.8960555556667,10,1
"9",2015,"DKC6630",19,43.8836217739316,-0.735713129773229,-0.000289527931746045,-2.5219886714015,0.058694582648799,0.660417858539741,13.6279211105667,13.9489207970909,20,2
"10",2015,"DKC6631YG",23,114.09849405865,-0.776249495851177,-0.000462728258730164,-7.78456710690753,0.0653201657261129,0.935401087818264,13.6750954330909,13.9473318203636,10,1
"11",2015,"DKC6650",3,10.0904233102997,-0.0598564934910362,-0.000226470465852314,0.0835646356939229,0.00930731149494356,0.589879164938119,13.1356313045373,16.3638599732727,17,2
"12",2015,"DKC6664",4,31.9139628036579,-0.205202431043461,-0.000421633338995466,-1.50834482216649,0.0214620570463179,0.331452551502068,12.9577016347576,16.2811004752727,39,4
"13",2015,"DKC6728",5,-6.96234201565858,0.212295133892526,-0.000444252750671422,1.17201797580076,-0.00840446822287253,0.218651252830052,13.1658974229394,16.4933941816364,29,3
"14",2015,"DKC6729YG",24,186.982547304222,-2.00276625773748,-9.91100825396409e-05,-12.7804066382642,0.149174473414975,0.644972984500525,13.6404216698182,13.8473995534545,10,1
"15",2015,"DKC6752",6,-29.1603707927403,0.342871388505484,-0.0012689251883662,1.77125376099936,-0.00299445080340175,0.777180036721165,13.3663581863582,16.5555986436364,18,2
"16",2015,"DKC6795",7,-6.94691847932095,0.0610201360674302,-0.000313061109430631,1.05589417879421,0.00139246954796396,0.72572009800407,13.332230484,16.5648163427273,19,2
"17",2015,"DKC6815",8,-25.0728094966909,0.376754977320132,-0.000868471612662051,2.07918765893934,-0.0132638549143204,0.582804736473022,13.2165886814242,16.5158082676364,19,2
"18",2015,"DKC7050",9,5.86550120467277,-0.0746218395624546,-0.000790536319102233,-0.00724127771003398,0.0162316250105034,0.692613376762273,13.3193150312727,16.4378183407273,19,2
"19",2015,"EN6910",10,27.228164107443,-0.313879096636547,0.000423676904249468,-0.677128249591142,0.0162039025854737,0.421517646807425,13.2537050108182,16.5462566523636,19,2
"20",2015,"EP5716",14,-32.114716991138,-0.0935464846256229,-0.00125087871111113,2.33133467617494,0.0239180865883898,0.965962014178294,13.5116592411818,15.2623432698529,9,1
"21",2015,"EP6739",20,24.2153913336261,0.0113277342207952,0.000242068220634917,-0.70324835907146,-0.00289530487416688,0.478562562675448,13.4094377772333,13.9480637163636,20,2
"22",2015,"EP6741",11,9.44897505069403,-0.0467395670881712,-7.86816876185781e-05,0.234339362405379,0.00447259548846269,0.155311452846109,13.0810426688485,16.5962265990909,39,4
"23",2015,"P1547",15,-40.2961988573945,0.606371399419237,-0.000662008655555546,3.39231159291145,-0.033703409994676,0.704378193450837,13.193341714303,15.5088421640299,10,1
"24",2015,"P1758",12,-2.07388474757231,0.0542157435170569,-0.000188755732177851,0.793994897683932,0.00155131976781984,0.756343985070898,13.1798667732424,16.4460272150909,19,2
"25",2016,"AMBROSINI",25,0.178148714448311,0.065132923317746,-0.00101990777671957,0.0824863180827682,0.0121521330903489,0.993278951028951,9.4295904626383,13.665546371,15,2
"26",2016,"DELITOP",36,798.390193430404,-1.77770108317376,-0.000708250522698438,-101.934415469528,0.245351585292102,0.899204798545877,7.83030031410476,7.83182304747619,10,1
"27",2016,"DKC2931",26,-7.36395742597258,0.0863878465081965,-0.000138724845534875,1.18038394978071,-0.00163720834579343,0.930657075676,9.41234674280851,24.5596601458667,70,8
"28",2016,"DKC2949",37,16.8534806032852,-0.0455429105872707,-0.000232443017826248,-1.9242583124094,0.0135983273909909,0.893866170542862,6.69238271971963,7.91594952177143,17,2
"29",2016,"DKC2960",38,2.58936955836856,0.0988442361560263,-0.000525651663881791,-0.15265234438537,0.000313593987770145,0.449950764224727,6.2909710465,7.87070158569524,26,2
"30",2016,"DKC2963",129,-1.06747591078143,-0.0632051393755532,0.000568187172105625,1.1314288399509,-0.000478707662038218,0.939632836056366,13.6544958464384,24.5161562368,49,6
"31",2016,"DKC2972",27,-5.76906772619706,0.117903219628338,-0.000325873614074072,0.888671245602665,-0.000266935678573693,0.908624696614911,9.306675236,13.6223521438,15,2
"32",2016,"DKC3050",28,2.83145959897677,-0.0167195677203723,-0.000551852308852795,0.265495105031891,0.0120502949619117,0.963153935153513,8.1475952585,13.5523544062,17,3
"33",2016,"DKC3142",130,0.56004348766782,-0.0172977997239908,-2.58616396119141e-05,0.875914677977711,0.00211619618580762,0.928441505981438,13.6435468215278,24.5313269226667,55,6
"34",2016,"DKC3151",46,-100.015261390467,1.32046550748127,-0.000954439999999983,14.7656150754843,-0.171183130618477,0.854729790463407,6.68665252574286,6.80952485140566,9,1
"35",2016,"DKC3203",39,7.75145216749194,0.0544481199596104,-0.000556269192698412,-0.924722109686454,0.00808049799504625,0.628035896216754,6.71630087151923,7.8657512502,20,2
"36",2016,"DKC3253",131,1.27212754948058,-0.0477816082507406,0.000383530682094029,1.00114427613639,-0.000225462466721317,0.897892746322754,13.6028310729167,24.6021604030667,55,6
"37",2016,"DKC3341",132,-5.26080018192144,0.0928245926742505,-0.000275366298621867,1.06687108461764,-0.00132163361954217,0.897671754640203,13.6028022008108,24.5848398805333,55,6
"38",2016,"DKC3352",133,-6.17877919798098,0.0751690481787823,-0.000178672743661949,1.15909847244858,-0.00123125072169797,0.943535863241079,13.6279938447222,24.5933898402667,54,6
"39",2016,"DKC3360",134,-7.57332023672761,0.0891766864729209,-0.000184269055607523,1.24309023223897,-0.00146048813862859,0.93780057795401,13.5488673743662,24.4559069597333,55,6
"40",2016,"DKC3361",29,-4.04742569608857,0.11703866044017,-0.000335097635132271,0.762277215313202,-2.65778413694961e-05,0.908807777175946,9.24943923193617,13.637000262,15,2
"41",2016,"DKC3441",30,-2.41821198900092,0.140213004278506,-0.000965822679094961,0.520651428613647,0.00458843939463465,0.983864312030628,6.184766667,13.551897375,20,3
"42",2016,"DKC3452",31,-4.69760345816404,0.101809224514916,-0.000856989136931213,0.582648190784454,0.00789939342165288,0.987652129493606,9.36597120393617,13.5637043908,15,2
"43",2016,"DKC3472",40,1.93292626511279,-0.00163344603744078,-0.000423204197460318,0.013588185805829,0.0122825344657264,0.920560723598987,6.737273917375,7.83586911840952,20,2
"44",2016,"DKC3476",41,6.78047122128559,-0.0348601102806567,-0.000316322329841269,-0.543355755484436,0.0145553999686367,0.870777853674473,6.71909590076923,7.84115721930476,20,2
"45",2016,"DKC3511",115,4.58330902541121,-0.0442436100236922,-0.000534177607936509,-0.3316646381882,0.0203684596882424,0.955881166024374,6.70887485315385,7.7966123122,20,2
"46",2016,"DKC3560",135,-4.4654964388066,0.0328334691755575,4.35431633396995e-05,1.12954797687329,-0.000704421823682105,0.941989567911737,13.6646248823944,24.5733280671053,49,5
"47",2016,"DKC3561",136,-2.57125260970492,0.0308139448052519,-0.000148328081671117,0.909230433053152,0.0014330995485818,0.946209402769548,13.6551873995833,24.5812931309333,60,6
"48",2016,"DKC3568",32,-4.50890694764785,0.0474615355159894,7.67912674451619e-05,1.12421138135642,-0.00185112189041198,0.940608232011911,9.38529436342553,24.6100525294667,75,8
"49",2016,"DKC3569",137,0.941988678706493,0.00226656291442027,4.77044553850834e-06,0.819344118755851,0.00143269300936167,0.955720863255631,13.568027785493,24.5700045710526,53,6
"50",2016,"DKC3579",33,-2.51419768901035,0.0541213057693401,-0.000596402295449735,0.58060677001576,0.00819019905516753,0.970695362150731,9.33369874531915,13.5399108694,15,2
"51",2016,"DKC3623",116,-2.41684464838391,0.0337757122447081,4.13723243370609e-05,1.20513685218879,-0.00409821272615948,0.707337104253576,5.86363658508,8.65476555324,42,5
"52",2016,"DKC3640",138,2.43999142289366,0.0066120675111807,-0.000101979814040224,0.629961659181781,0.00213675837787283,0.885018354313687,13.6301530261972,24.7898818452632,57,6
"53",2016,"DKC3705",42,18.5485611161216,-0.143676039142256,-0.000493834225238089,-2.18438623223744,0.0326261109327896,0.830299318168095,6.69165349086538,7.82292202525714,20,2
"54",2016,"DKC3711",48,17.4451013429556,-0.224400112814603,0.00121871974984127,NA,NA,0.894197817469561,8.685331111,8.685331111,5,1
"55",2016,"DKC3717",43,-0.986407520134163,0.166742541138214,-0.000815921624365078,-0.00750314008591333,-0.00108546266652731,0.702453253114824,6.71974986694231,7.87108340910476,20,2
"56",2016,"DKC3730",47,-43.6494754573495,0.566618254346813,-0.000355096038412668,6.86228446168323,-0.0729300136280564,0.933640611645802,6.70669198265385,6.81536666064151,10,1
"57",2016,"DKC3759",44,7.29978154920223,0.0630636559059833,-0.000617345331587303,-0.865261199260337,0.00772834287069207,0.678999203049615,6.3166726965,7.87336662886667,30,2
"58",2016,"DKC3795",49,-2.89611543591698,0.0529919314556973,-0.000273811032936506,1.03138026587872,5.92164614170114e-05,0.941861886819373,5.88812090086,8.62931940096,20,2
"59",2016,"DKC3811",128,-15.1426501231463,0.014532872394953,-0.000232467571534392,3.24413766735219,0.00568552776538528,0.64652994704771,5.82595168582,5.93376013612,15,1
"60",2016,"DKC3912",117,13.4165093507695,-0.0354583102896191,-0.000671488667460318,-1.81295869189561,0.0235248612507089,0.845292212956789,6.70020049664423,7.84454352331429,20,2
"61",2016,"DKC3939",94,-3.2710651922753,0.12906625763908,-0.00103985818821686,0.411096707920873,0.00673944719569785,0.910862489978334,4.1790935872,15.0755267721818,154,13
"62",2016,"DKC3969",95,-9.65809556766084,0.19698228851576,-0.00117497122079176,0.982668132239709,0.00163082650847883,0.836383678434581,4.25315116683333,15.1347379405455,113,9
"63",2016,"DKC4014",118,-4.3913504936233,0.0941306148573856,-0.000296513580190476,1.35519215342569,-0.00679034718728077,0.706760826228876,5.82732753404,8.65954984312,50,4
"64",2016,"DKC4069",96,-5.72957589229213,0.160733930847301,-0.00101554607006312,0.608296075619528,0.00424274310719719,0.88393011288157,4.18169196596667,15.0936126183636,114,9
"65",2016,"DKC4162",97,-7.9545656693028,0.149731003746168,-0.00104850328221397,0.96709012858474,0.00351625881034161,0.855446529188453,4.29264933061667,15.0766792498182,114,9
"66",2016,"DKC4444",105,-0.214922437925272,0.119546328086016,-0.00106812724070598,0.219725528916121,0.00685499631478559,0.476643467130339,9.93392519821667,14.1820413959722,29,3
"67",2016,"DKC4541",119,8.73661726986466,-0.405513251204495,-0.000361414458571435,-0.419612693373228,0.0673400879993604,0.939038636114308,6.64689336288462,7.60621159837143,20,2
"68",2016,"DKC4569",98,-5.84027177450628,0.124925204362644,-0.000851853281804895,0.90075411355708,0.00321504055751001,0.827687087342661,4.2073910451,15.1489590472727,114,9
"69",2016,"DKC4590",99,-5.88548884739414,0.16332681757159,-0.00104950971215184,0.793981012512188,0.0023404199679734,0.88369538480832,4.18346345231667,15.2024496809091,132,11
"70",2016,"DKC4670",100,-6.07928982140554,0.126594937072096,-0.00064028537820001,1.0284257938046,0.000274530521190776,0.816700966729434,4.2354488758,15.0902864950909,123,10
"71",2016,"DKC4717",101,-5.78499094991018,0.168354252119247,-0.00107962263585351,0.803773050835906,0.00242468133902823,0.911442067176865,4.21088017668333,15.1760142803636,115,9
"72",2016,"DKC4751",113,-4.01081835551731,0.104030777399348,-0.000817481609302283,0.904166462160864,0.00358356889278481,0.938374382749452,4.2450001835,12.8596102469077,25,2
"73",2016,"DKC4795",126,-179.808584496041,0.0149644629644445,-4.55582577777782e-05,22.1244149168113,NA,0.875159888464968,8.46523017166667,8.5174511644,6,2
"74",2016,"DKC4814",106,3.79960935222044,-0.0188675017572409,8.47552769895532e-05,0.742792088584546,0.00051116585004416,0.55769437544223,9.96747815855,14.1787728801389,29,3
"75",2016,"DKC4943",114,-8.49326546382266,0.238480477324862,-0.00165725808419479,0.79020198771005,0.00422857932722181,0.937515003837228,4.23917878463333,12.8891357926,25,2
"76",2016,"DKC4964",120,-13.3436593494924,-0.0791238862378185,-0.000908948652619056,2.09219061337983,0.0333721148650962,0.974306111866071,6.70169961649038,7.65628299941905,20,2
"77",2016,"DKC5007",121,-6.34059768102236,0.0616598593742973,-0.000407310909523814,1.60657708986922,0.00256034616088564,0.67298985107111,5.8409359945,8.5477521671,40,4
"78",2016,"DKC5031",83,-3.31914723789341,0.122003596084983,-0.000841092664552831,0.710440111476798,0.00335100620824897,0.895696487406435,4.3452322077,14.9897032291743,110,8
"79",2016,"DKC5065",84,-4.13612434343643,0.131425096638329,-0.000825666574720783,0.810505646622857,0.000849278752122723,0.71973733139865,4.3330399947,15.0341262858654,128,10
"80",2016,"DKC5068",67,-1.20906421724137,0.0860534649607994,-0.00052116867446316,0.697655083340691,0.00156715006794196,0.759702964254088,4.32207310058,16.1782950322222,115,9
"81",2016,"DKC5142",107,11.936120427542,-0.038393208596766,-0.000923671861124765,-0.687336565770322,0.0183099608507281,0.52279576062229,9.9069590273,14.128118349589,28,3
"82",2016,"DKC5143",125,-5.74975251779805,0.44504852939668,-0.000161790572063486,1.81885516285872,-0.0604550761736911,0.325400423874076,6.57359414128846,6.7093760260566,10,1
"83",2016,"DKC5170",122,1.64748655167871,0.0364115456356911,-0.0006903800615873,0.295483961097785,0.0138247782816727,0.840863059984346,6.56913481357692,7.65373119454286,20,2
"84",2016,"DKC5190",123,-3.83164354477386,-0.0168229185945032,-0.000389423547698413,1.34153805289603,0.0142571488295531,0.92739564984108,6.58998925157692,7.63235180654286,20,2
"85",2016,"DKC5276",85,-3.91800334559832,0.128174523796457,-0.000892104288616815,0.800019630040194,0.00241285916122016,0.945567076471903,4.33082747518,14.9996891292308,90,6
"86",2016,"DKC5362",86,-3.9194325920214,0.128955104965314,-0.00090373849729514,0.707132173577964,0.00350878839925886,0.905382052843334,4.37659138774,15.0232410185321,109,8
"87",2016,"DKC5530",68,-10.8635840915557,0.546442537012701,-0.00277292714603176,NA,NA,0.668097915388648,15.8954743075556,15.8954743075556,5,1
"88",2016,"DKC5562",108,17.468154369412,-0.19502812995576,-0.000299383855555559,-0.49308265404138,0.0190900222958788,0.970992689584737,11.5126102022466,14.1043764680556,10,1
"89",2016,"DKC5632",93,-0.84964051127798,0.0876721249523311,-0.000476761148462258,0.776616203524527,5.43000207137051e-05,0.623935497284778,7.76494510733333,14.9937211805769,97,8
"90",2016,"DKC5830",87,0.659052307742223,0.05086781022557,-0.000400949149075916,0.70578889849276,0.00217357418338442,0.756123145814449,4.31596192874,15.0094640962385,117,9
"91",2016,"DKC6050",51,-13.6983190723568,0.174960638000324,-0.000370488292588239,1.52210000812795,-0.00510368797825201,0.802042954513038,12.9028401856933,18.51134104125,68,8
"92",2016,"DKC6442",76,-17.3323535652458,0.275118067004962,-4.01665079365139e-07,2.35902235132935,-0.0215143980011887,0.469216548004166,12.9334787276933,13.2980627332308,10,1
"93",2016,"DKC6590",77,83.2826799241113,-0.207134070776147,-7.48351033697122e-05,-4.82394773653013,0.0176805720820777,0.822465526769378,14.6542713284444,15.6770462492588,19,2
"94",2016,"DKC6630",52,-8.16071657209832,0.171484806172881,-0.000701854527668342,1.12824169521947,-0.00192907039374365,0.528985811330193,12.7701035362267,18.500767459375,58,6
"95",2016,"DKC6650",53,-8.67707083258891,0.106761284267476,-0.000432354637778036,1.24223253380727,-0.0013189773797107,0.838484444677814,13.0302576336933,18.5314071097531,47,6
"96",2016,"DKC6664",54,1.36834636152153,0.0844971974434348,-0.000622959879769439,0.506213229807074,0.00359104605859333,0.655731697458653,12.9485956316933,18.473296266375,68,8
"97",2016,"DKC6724",69,15.5668924419659,-0.37039788284465,-0.000257907903703716,-0.284887163140091,0.029762905754948,0.933924412122024,14.7349144701111,15.585148516,15,2
"98",2016,"DKC6728",55,-5.3492583745271,0.0315448173003612,-0.000162911316572376,1.22834118580275,0.000545018547064601,0.83674617474536,12.9447241052933,18.4511495479012,42,6
"99",2016,"DKC6729YG",75,31.3690507976827,-0.365709202235193,0.000957747615873018,-0.449766181211692,0.0107157468550861,0.704317238227366,12.9486710992933,15.8907378821818,10,2
"100",2016,"DKC6751",78,-39.1010090970379,-0.493308272707511,-0.000272469363492098,3.44745609939078,0.0379533650631604,0.553958246997687,14.7728330366667,15.3592084179647,20,2
"101",2016,"DKC6752",56,-3.62303624575855,-0.00865242151325151,0.000134435733236837,1.208095873641,-0.000646905489008815,0.824950781861461,13.7423975433333,18.5413117625,28,3
"102",2016,"EN6826",79,-64.5683571594523,-0.201251425675518,-0.000556765680952379,4.94639691738468,0.0205144204956674,0.556462302419419,14.8486410646667,14.8981185562135,10,1
"103",2016,"EP5125",70,-11.5463381773335,0.516313302104765,-0.00236381570476192,NA,NA,0.957446851738188,15.8586632515556,15.8586632515556,5,1
"104",2016,"EP5232",71,-16.994132369778,0.621283763177782,-0.00277729224444447,NA,NA,0.981322695017744,15.7912510964444,15.7912510964444,5,1
"105",2016,"EP6739",73,-26.3482302510221,0.387955376682729,-0.000869125424757447,2.10213218177119,-0.0131306472050745,0.712970962639083,14.7787084894444,18.5784143885,28,3
"106",2016,"EQ2942",139,-8.19763560043432,0.127334395779174,-0.000355277281865844,1.21490924649631,-0.00209892618116285,0.958916644329684,13.5799035709859,24.5204666761333,55,6
"107",2016,"EQ3139",34,-0.757809114359368,0.0236559271633912,-0.000104168645925923,0.722775797441192,0.00367991429442418,0.953553418964282,9.27063552457447,13.5527918838,15,2
"108",2016,"EQ3472",140,1.43065837561816,0.0269452565608577,-0.000177135804812018,0.696493921182945,0.00186306969610298,0.903918333021197,13.4788898977778,24.6183710253947,59,6
"109",2016,"EQ3578",141,-3.30167112028552,0.0688369406941071,-0.000163118843960283,0.95364720935944,-0.000677908391817234,0.838080588029529,13.457619381831,24.6229251251316,54,6
"110",2016,"EQ4118",102,-4.50699299210119,0.118738550268989,-0.00107788601893785,0.649314669833101,0.00640559497270915,0.832683102982912,4.25816829598333,15.1196548014545,114,9
"111",2016,"EQ4229",112,-5.53150687736445,0.212237232928289,-0.00151185504856485,0.495512682068522,0.00482054728780363,0.805520089724317,4.1807866934,15.11156355,65,4
"112",2016,"EQ5129",88,-3.78338954118709,0.13715685461151,-0.000777546603838,0.83435719068529,-0.0001239094797281,0.752613745341124,4.31274794502,15.07899579125,110,8
"113",2016,"EQ5234",89,-4.37606905588942,0.136492761804643,-0.00082256653072336,0.94234305447197,0.000539752735853064,0.887235673107687,4.32746595468,14.9637684949533,106,8
"114",2016,"EQ5235XPY1",90,-5.42999753268493,0.145724341098811,-0.000929578625124081,0.811024311654364,0.00316791149088188,0.895222743676664,4.35637058374,14.9750493410092,110,8
"115",2016,"EQ6314",57,-16.9554481767839,0.242478297800287,-0.000448483569767337,1.70771822657506,-0.00984774536411245,0.314398548555879,12.88578506316,18.6561246885,58,6
"116",2016,"EQ6315",74,-5.9279354680117,0.184088844632392,-0.000639819417239224,0.916866986332781,-0.00249583698613897,0.394751386145583,14.7570558722222,18.5083663461176,38,4
"117",2016,"EQ6423",58,-8.32884912600147,0.183100458804703,-0.000591359598923085,1.14756841066673,-0.00363004857373171,0.575029385163821,12.8165985770267,18.5038483174118,58,7
"118",2016,"EQ6424",59,-38.2542081353285,0.505955667276334,-0.00138427788631738,2.37796606335959,-0.0129920147380832,0.379641289548416,12.8539696206267,18.444525131875,63,7
"119",2016,"EQ6425",60,-13.9646243931432,0.203891436660022,-0.000591185831024508,1.4878480693654,-0.00495801767821281,0.676357610648153,12.9293252958267,18.47796028625,63,7
"120",2016,"EQ6426",61,-6.44954301385084,0.1049914932958,-0.000594067135343335,1.02960330547015,0.00111438968121676,0.789700027474054,12.9426199582267,18.5190653296296,62,7
"121",2016,"EQ6427",62,-10.2336335585009,0.145890909235172,-0.000439319668235316,1.33147792728817,-0.00303504023119747,0.723384070813504,12.8692567528933,18.4640856123457,62,7
"122",2016,"EQ6739",81,103.486265975676,-1.34730369540167,-0.000923570568253973,-6.62514054859994,0.101481292757583,0.911518512745148,15.2933808803294,15.6696118410235,10,1
"123",2016,"EQ6742",80,11.6066620927471,0.122723386510478,-0.000296391572222224,-0.0299371133108982,-0.00407800094527889,0.186388787282483,14.8174708305556,15.6823434432588,20,2
"124",2016,"EQ6826",82,-269.75219889503,2.344240424134,-0.000603299926984171,18.3363484605243,-0.144672231375192,0.622999860945881,15.0799275751529,15.4286823029059,10,1
"125",2016,"EQ6919",63,15.2285009447388,-0.166674311116192,0.000136789195693471,0.265864800048205,0.00767041905426915,0.836651854199768,13.6912057765333,18.515429704375,28,3
"126",2016,"EQ7009",64,-0.859730043919158,0.049125862067733,-0.000217557791853422,0.878369025251115,0.00014760209506673,0.583466466698064,12.93008952396,18.5488539957647,63,7
"127",2016,"EQ7104",65,-27.3768777906705,0.389888556989765,-0.00119429449557403,2.19110915169161,-0.0110573557633886,0.718006844152826,13.0481851029067,18.461385765125,63,7
"128",2016,"ES METRONOM",142,-1.40135401276938,-0.00630118012892406,0.000290651688556006,1.13082526814741,-0.00172402626518641,0.939708895448313,13.5852387789189,24.5929109294667,53,6
"129",2016,"Mallory",144,7.65,NA,NA,NA,NA,0,15.8231964335294,15.8231964335294,1,1
"130",2016,"MALLORY",143,-0.632037815120845,0.0381706463446173,-0.000279046372076108,0.780917035433669,0.00207008422933559,0.884100081245659,13.6026629127027,24.5778900578667,45,5
"131",2016,"P0216",91,-5.46282064409721,0.183115012376868,-0.000929210201995551,1.05388382481376,-0.00328037318465478,0.691794483930872,4.32365253062,14.9313160513761,115,9
"132",2016,"P0725",109,-8.2373422480005,0.0688028043570588,1.69172057757649e-05,1.73777928743541,-0.00614529825206915,0.687703129425986,7.61784063111111,14.8010169993333,39,4
"133",2016,"P1547",66,-98.52279100577,0.828246856524557,0.000229257034920626,8.02868375027123,-0.0619375080325025,0.621479937657409,13.8309585856,14.4288999834667,10,1
"134",2016,"P1921",72,-20.1096659121435,0.329122867591567,-0.00101778382016831,1.74453996114522,-0.00927091915683456,0.528266639563597,13.0754774311867,18.582348457625,53,6
"135",2016,"P7535",45,-11.6689827849022,0.229282671695191,-0.000516621911773458,1.52962311479692,-0.0162785838559027,0.547436941295163,6.73750378114151,7.92417442497143,17,2
"136",2016,"P8816",103,-3.87326582769197,0.113657828447064,-0.000877855591209586,0.681319945581924,0.00359727961411203,0.844280536412632,4.22779766996667,15.1697554832727,114,9
"137",2016,"P9175",124,7378.36605352729,-79.0344898027357,-0.000124580433811942,-945.436861310418,10.1393164251067,0.799690254084489,7.79826540394286,7.79908941185714,10,1
"138",2016,"P9234",110,12.2986798151113,-0.0899519415882753,-1.00794019715354e-05,-0.109193601296188,0.00817891339306429,0.341737770387404,9.9282261078,11.50036285968,18,2
"139",2016,"P9241",104,-6.84885101107634,0.11062219475044,-0.000942163226579075,0.86166869162618,0.00549806252532706,0.748861629970898,9.59610665735454,15.0911361267273,85,6
"140",2016,"P9578",127,-11.1917155967286,0.191072034070384,-0.000587531559682547,2.20963062099565,-0.0157675496981524,0.870209535897306,5.87034709234,8.64338560684,20,2
"141",2016,"P9838",111,-11.9416131315063,0.215987967286848,-0.00028068579308301,1.92303114574588,-0.0153603089305254,0.152381607662829,9.92072052811667,11.48095653008,19,2
"142",2016,"P9903",92,-1.87290493814664,0.108949095174073,-0.000689304021066294,0.693168561102497,0.00145676362836974,0.680218569168013,4.3283464123,15.1498757135577,99,8
"143",2016,"PR38N86",50,-24.0567535421828,0.305880623998909,-0.00023357792349206,4.67150004189657,-0.0432438883457205,0.733093655127616,5.8351315307,5.97309676214,15,1
"144",2016,"RICARDINIO",35,-15.4471543681335,0.166094573858237,-0.00032701930235088,1.59838116838004,-0.0033893937431721,0.99245844321269,9.30811003488,13.5919846058,12,2
"145",2017,"DKC2931",145,-3.77008215338769,-0.0936731408905017,0.000855609401566317,1.44729693275685,-0.000966224476966143,0.831937611938936,10.4490086080154,15.8144184104,19,3
"146",2017,"DKC2972",146,-1.48367888261241,-0.0246025441302896,0.00021775701082947,1.05735573757772,0.000243197095863186,0.824259109525817,10.4102745420154,19.7468317862879,61,10
"147",2017,"DKC2978",280,35.7519235192643,-0.457320132252162,0.000365106969994489,-0.914081166921539,0.0219052335444012,0.711696633372764,15.161255361,19.7109617508333,22,4
"148",2017,"DKC3050",147,-8.42307914932043,0.0849386236379634,-0.000285949173393265,1.47594156299761,-0.0021615777627492,0.692613917941981,9.18018661693333,15.7567887409333,34,5
"149",2017,"DKC3341",282,383.516590633384,1.96648564662024,-4.42131019840803e-05,-19.2710468577285,-0.101776118413756,0.939432794834652,18.9069830303333,19.1070437922078,12,2
"150",2017,"DKC3350",148,0.518967082769114,-0.109286943695686,0.00188825140251042,1.85793878781213,-0.0159309324398462,0.391817400032144,10.3809341631061,15.9320825257333,18,3
"151",2017,"DKC3360",275,-2.53342005535352,0.0239387797530558,5.5255166666675e-06,0.963143586255664,0.00012397212853618,0.798557629598866,15.1368998444928,19.7427810219697,36,6
"152",2017,"DKC3361",149,-5.98860261878336,0.0832879823625218,0.000121288710380794,1.39358505266852,-0.00591243723824146,0.720236285956322,10.2765366161364,15.7528625316,18,3
"153",2017,"DKC3441",150,2.52408072561283,-0.0122478378355695,-0.000532138015835875,0.364107724080629,0.0101231552557493,0.802626661681054,8.516856375975,15.7851040710667,39,5
"154",2017,"DKC3450",252,-13.1159068756696,0.13037562678952,-0.000282260399954645,1.31823717072096,-0.00180945410150567,0.831153542726584,13.8574542873706,19.7658366849242,42,7
"155",2017,"DKC3511",250,-62.3286086848714,0.645071266194655,-0.000199362493650768,10.3536755839949,-0.0948024463712624,0.904579263936579,6.33962513790909,6.44777796594737,10,1
"156",2017,"DKC3560",279,10.1026375997857,0.0924155393833334,-0.000291157602380953,NA,NA,0.874992621059778,17.3024410586458,17.3024410586458,6,1
"157",2017,"DKC3561",253,-4.40455488965349,0.0700719117392054,-9.89074027211023e-05,1.06108822099192,-0.00159796989292256,0.695352020124192,13.7814561662937,19.7534968718182,42,7
"158",2017,"DKC3568",254,-8.14462345840164,0.186367570721173,-0.000629033555423281,0.924031194268551,-0.00120681747194816,0.69623236190829,13.7292670817483,19.7728594532576,36,6
"159",2017,"DKC3569",276,-10.8341826126819,0.112880063687793,-0.000233677456927064,1.29781955448978,-0.00209577528523097,0.726074643043481,15.1095035150725,19.7303431074242,35,6
"160",2017,"DKC3575",151,-5.61324084655177,0.0686771845958004,-0.000555864059880841,0.89204971674213,0.00405414878856054,0.680279496967063,10.408241522303,19.7228270826515,60,10
"161",2017,"DKC3579",161,16.9935796844967,-0.128656554578374,-0.000103954079012341,-0.630139495175558,0.014184146182031,0.778256959146357,10.3111506134091,12.552814313625,9,2
"162",2017,"DKC3623",152,2.23899455400129,0.0431383982434663,-0.000484556568299631,0.505615004660123,0.00319771119556404,0.790396063762575,8.4825933095,15.9387866081333,38,5
"163",2017,"DKC3640",255,15.3530254010795,-0.0630511835269858,0.000383735736507944,NA,NA,0.669638875974683,13.8175775093007,13.8175775093007,6,1
"164",2017,"DKC3642",256,-24.1657321807761,0.227159677731513,-0.000441024355555552,2.03129435363054,-0.00660783560836318,0.954683440218776,13.8313364102083,18.9061729105128,10,2
"165",2017,"DKC3711",162,0.237370204304267,0.00625183264229449,-0.000365619870952381,0.666978127281815,0.00609583622036246,0.893192758984259,8.53350975215,10.6414413622,20,2
"166",2017,"DKC3730",153,-0.330563729690341,0.0674892989980165,-0.000532319600608705,0.716477933725265,0.00228689937150429,0.93021719664624,8.39844979825,15.8495200109333,38,5
"167",2017,"DKC3795",163,1.35544600325518,-0.0667811224275952,-0.000217454748968257,0.720200813995113,0.0106889344906101,0.728223135411748,8.52409341575,10.5458381519667,20,2
"168",2017,"DKC3872",257,-7.498212706224,0.0715174353669749,-0.000128068561793413,1.19994302451678,-0.000929948285479327,0.744328281198772,13.7711749565734,19.7074648000758,40,7
"169",2017,"DKC3939",164,0.761066923936427,0.137159102115719,-0.00129726915841944,-0.020129327900005,0.00922670824967468,0.645018225819497,4.72062449214118,15.2400502172,81,6
"170",2017,"DKC3969",222,1.13411749385864,0.0965101813277403,-0.00143353045007323,-0.0668854638850643,0.0138186618304605,0.807807286829996,4.88920234455294,15.2413397496,66,5
"171",2017,"DKC3978",223,-17.3091447833307,0.160908675690918,-0.000397545884920618,1.81817832835994,-0.00448147212130853,0.381754834512623,13.311839032575,14.2730960871014,20,2
"172",2017,"DKC4069",224,-4.57709979505241,0.190195851557467,-0.00159568137087416,0.106293573796067,0.0100720099491471,0.76659878861044,4.72134335028235,15.2678863407,69,5
"173",2017,"DKC4079",225,-37.1483601613187,0.433285812443585,-3.45621182539351e-05,3.50686281836719,-0.0291180397777046,0.335527770141454,13.23520795295,14.296827343913,20,2
"174",2017,"DKC4141",258,25.2836550127112,-0.401004424296828,0.00221594404349208,NA,NA,0.834942492822517,13.9863502551181,13.9863502551181,5,1
"175",2017,"DKC4162",226,2.79685231995119,0.130082767315069,-0.00148438830962836,-0.246848730654225,0.0124239452230444,0.66545595503982,4.58598082192941,15.1890334599,70,5
"176",2017,"DKC4279",259,-17.0510742336814,0.390702502370389,-0.00175113855873016,0.859018062695857,-0.000453143081489408,0.654664840157688,13.7600616663889,18.9592312655128,10,2
"177",2017,"DKC4351",165,1.29786725575589,0.0365592104644662,-0.000786817179141015,0.397151962401423,0.0091249145726968,0.808497710782659,4.84221329192941,15.2125236218,79,6
"178",2017,"DKC4541",237,-7.50413583209631,0.282357271100182,-0.00203146619090298,0.405859765771978,0.00667328265384953,0.70771301095657,4.73149507550588,15.1747568009,50,3
"179",2017,"DKC4555",238,-7.4688039164417,0.262261285379445,-0.00209327720279703,0.298182481368536,0.0100801075887766,0.714104019717295,4.79830260164706,15.203464438,50,3
"180",2017,"DKC459",251,-4.62517823715557,0.259007945482223,-0.00153716268222222,NA,NA,0.96563101681883,6.31758666768182,6.31758666768182,5,1
"181",2017,"DKC4590",166,3.90355070470501,0.0421359138635553,-0.00110676235034733,-0.0129013227950495,0.0129438082824803,0.793770893246256,4.77606469494118,15.2101738497,85,7
"182",2017,"DKC4670",227,0.503367609954695,0.0841954967883194,-0.00105589653113074,0.229091826442001,0.00937702742386842,0.814922142534167,4.82746197103529,15.8773415957647,105,7
"183",2017,"DKC4717",167,-8.2408059252898,0.00130763181069822,0.000584716640545859,2.47288041697538,-0.0112969921439267,0.909334378089747,6.32848045815789,8.97134223535556,21,2
"184",2017,"DKC4751",239,10.2352608488508,-0.0261094287245468,-0.000999390803964644,-0.564696166553907,0.0175529266756236,0.797950802494713,4.71472769436471,15.2021267405,70,4
"185",2017,"DKC4760",248,1.98425155822215,0.265347540225398,-0.00122500542539683,NA,NA,0.97550846483299,15.187916326,15.187916326,5,1
"186",2017,"DKC4943",210,0.771198092656511,0.0293176363492476,-0.000286809881147627,0.661097558386582,0.00290695408368733,0.851660912694245,3.00537793485897,16.2963189161304,80,6
"187",2017,"DKC5031",211,-2.20794526264378,0.0615216234143157,-0.000264655469940901,0.817558996984895,0.0013158703852622,0.884011741103103,3.02990171661538,16.317589004971,85,7
"188",2017,"DKC5065",212,-0.97809839978976,0.0520297722487079,-0.000464959334355509,0.553241929277243,0.00450511938435876,0.868845721732705,3.08278989407692,16.2642303278696,55,4
"189",2017,"DKC5068",213,-0.457164273869575,0.0604397066833849,-0.000497976110138086,0.612223281451838,0.00374853978983956,0.812139863947938,3.04095812441026,16.0678280205405,80,7
"190",2017,"DKC5075",244,-4.60933176007293,0.102225396611083,-0.000306370548068904,1.63361593514085,-0.00877798905537618,0.321435496511741,2.97607268455128,8.42513918216,20,1
"191",2017,"DKC5141",243,-0.0740447876809193,0.018200371852802,-0.000277468791452596,0.685590583625295,0.00393294696339457,0.843541627630559,3.07060786464103,15.9453995424706,65,4
"192",2017,"DKC5142",214,-1.82815440587968,0.0575087016204648,-0.000486682749626303,0.552945734335041,0.00505423663925043,0.904957755285465,3.038645792,16.2994518703333,55,4
"193",2017,"DKC5241",245,-26.934807786979,0.742142746658447,-0.000150468373015866,2.6398811258703,-0.0477238628067247,0.512235560510533,14.2769385805618,14.6100711994444,10,1
"194",2017,"DKC5362",215,-6.81711755397566,0.140000477190143,-0.00051108248837248,1.04950763141533,-0.00177098451307614,0.90438686965643,3.02758603925641,16.2679537171449,60,6
"195",2017,"DKC5364",189,-42.6986643154604,0.406321713207301,-0.000292871118997801,3.1220358420042,-0.01914569449134,0.520141652363723,15.9124231216667,17.8944343355,28,3
"196",2017,"DKC5741",190,-51.9645713196222,0.337810445243404,0.000633406791269849,4.22184672788515,-0.0261056554518997,0.426069085567779,16.3668474374167,17.8701013163333,20,2
"197",2017,"DKC5741YG",196,-9.17967198894664,0.19606214814486,-0.00154846157142856,0.288068425723621,0.0101609427618399,0.963480661293848,14.3225607407059,18.1591802205882,20,2
"198",2017,"DKC5783",203,-36.1928290888717,0.531668303589509,-0.000347688457142862,2.71275956277385,-0.0247494089529703,0.793192939831183,16.1621576644167,17.8186249391667,10,1
"199",2017,"DKC5830",179,-2.87228960275535,0.0726012300482828,-0.000486153334733692,0.841551918898121,0.00244942941779439,0.886046319976058,3.02189289212821,16.316377261875,110,9
"200",2017,"DKC6050",168,-17.6404247107112,0.292115701992222,-0.000944962835071787,1.40142193549475,-0.00512762739197528,0.699489459280547,12.837094713175,18.087025108,105,11
"201",2017,"DKC6101",204,-44.5291678206558,0.311303181805891,0.00017939210476189,3.47287920467198,-0.019096501204224,0.883359144658391,16.4046593645833,17.9038146056667,10,1
"202",2017,"DKC6351YG",197,-22.1688144387111,0.368668612694262,-0.00151209357857141,1.2302827556129,-0.00174445393934175,0.944730703685619,14.2421737355294,18.1201078063529,20,2
"203",2017,"DKC6590",200,38.2965206475001,-0.190283277471328,1.65110801587522e-05,-1.62304846456748,0.0138029058852212,0.215723889863488,15.2403779503077,17.0555986701333,20,2
"204",2017,"DKC6630",191,-19.1852165509004,0.0997186593928798,4.12850801587213e-05,2.07301450909331,-0.00538846499381086,0.602743168010651,15.2773804058462,17.11802108175,40,4
"205",2017,"DKC6630 fillER",209,-1.82949200674555,-0.120107785990584,0.000522928253968249,1.47069663534852,0.00060405825954932,0.894029629316232,15.2585786623077,16.2051738915385,10,1
"206",2017,"DKC6650",180,-6.52807167000458,0.223113872654312,-0.00155683567658731,0.536811679298425,0.00453442404117922,0.457189105070019,14.3081708685882,18.1663457355294,40,4
"207",2017,"DKC6664",192,-15.9830114655282,0.117989748366901,0.000620617513539891,2.16907008567909,-0.0127807728385153,0.295387414032387,NA,NA,66,6
"208",2017,"DKC6724",169,16.9821131627873,-0.123578343571771,-0.000967760164021159,-0.53609271294915,0.0188219728887754,0.649840623385132,15.3162580726,16.9271774646667,15,2
"209",2017,"DKC6728",170,-16.680020641109,0.215340322328324,-0.000603331942151679,1.73506271820005,-0.0064167579794532,0.594730611214919,12.892848705425,16.222547973125,45,5
"210",2017,"DKC6729YG",198,-14.0429549104607,0.332946627116732,-0.00131081116190475,1.07622176907331,-0.00394756964035829,0.882180855890213,14.1833184836471,18.1094599131765,20,2
"211",2017,"DKC6752",181,-21.423710165336,0.312983972341191,-0.000794527606878306,1.97668706450935,-0.0106792676016603,0.699089029523155,12.83370691555,16.217331371125,30,3
"212",2017,"DKC6761",171,-16.4941544731943,0.261659569337675,-0.000460016256654466,1.62790195901355,-0.00903754029788787,0.623192098850192,14.1718127465882,18.1097953488235,65,7
"213",2017,"EQ3139",154,6.22665328020479,-0.20579903605236,0.000562636738124248,0.797753053802256,0.00934947432781335,0.518201138469338,10.3949081890152,15.7013059941333,18,3
"214",2017,"EQ3472",260,-18.0406955250763,0.290575062629432,-0.00101540239888889,1.21797130744918,-0.00272226753772044,0.86995278438788,13.8109996969231,19.7372348741667,30,5
"215",2017,"EQ3923",228,0.171280419293575,0.102068324145926,-0.00119428814461212,0.192162986830254,0.00972874818018084,0.729202441566075,4.68525974631765,15.2099071259,65,5
"216",2017,"EQ3929",242,-2.20243447291123,0.325137209175875,-0.00186500165587303,NA,NA,0.84810258408918,10.9297686006444,10.9297686006444,5,1
"217",2017,"EQ4118",240,-5.26601902909213,0.226430040090598,-0.00169649351986598,0.352326502042777,0.0066047916572136,0.655608490794713,4.69092951752941,15.2072095683,50,3
"218",2017,"EQ4119",261,-35.7948015233854,0.662286997713922,-0.00307779867968255,1.29779668508895,-0.00205400343907278,0.869399882880081,13.8125097656667,18.9638863466667,10,2
"219",2017,"EQ4120",262,-23.0805431479391,0.0808271922494349,0.000203479106349208,2.20560138059239,-0.00438197567989066,0.935949883732289,13.87625729375,18.8726127125641,10,2
"220",2017,"EQ4228",229,1.55399721984295,0.132528232504061,-0.00150033105267179,-0.140789379688598,0.0122057634244163,0.727894361086907,4.69128728378824,15.1949935408,70,5
"221",2017,"EQ4229",246,0.477379597877829,0.00355652294907684,-9.13340104761862e-05,0.661965619632858,0.00340237032548144,0.858102741031366,9.76417269209091,15.2199620914,10,1
"222",2017,"EQ4720",247,21.3770493657556,-0.347247158300318,0.00230546922412699,NA,NA,0.171156476155572,9.75749469789899,9.75749469789899,5,1
"223",2017,"EQ4824",216,0.157943240332535,0.0507445588342623,-0.00049966473490916,0.474654688478737,0.00517008217976232,0.871353965543184,2.99628005447436,16.3392561156957,85,7
"224",2017,"EQ5235",217,-2.83168507856846,0.11551530580001,-0.000813577212115095,0.556655349580067,0.00437587430335,0.823102460602289,8.86771893206154,16.2805433985942,65,6
"225",2017,"EQ6216",193,-8.33757972198186,0.109844581872049,4.99702795703825e-05,1.39309244844201,-0.00587224136952792,0.733464463831808,14.2400645383529,18.1392812036471,36,4
"226",2017,"ER2602",155,1.36585174202136,-0.0569654259334691,0.000425655373850034,1.03885664663898,-0.000841351498093902,0.667305675388528,10.369621031697,19.7171194416667,54,9
"227",2017,"ER2707",263,-4.63735660353824,0.0836782917116483,-0.000722267875079369,0.558008084338166,0.00639178916285253,0.929910496959969,13.8418831729371,19.7168603278788,30,5
"228",2017,"ER2708",264,-0.489970824539723,0.331049747768254,-0.00145672140634921,NA,NA,0.428560323194359,13.6493993397203,13.6493993397203,6,1
"229",2017,"ER2945",265,-26.4903866831547,0.377989877897779,-0.000574491667989414,2.20912824572302,-0.0149599328824229,0.510606295457212,13.7420085502098,17.2549909526042,18,3
"230",2017,"ER2947",266,-20.9319295520228,0.326745080509903,-0.000877555832142858,1.4317881926071,-0.00569952217120844,0.729065731393901,13.7512801146783,19.7558185030303,30,5
"231",2017,"ER3049",156,-11.6355041820125,0.198251656366225,-0.000651700145159814,1.24799415631212,-0.00254384005799237,0.600506404663732,10.3985395020455,19.7322791182576,54,9
"232",2017,"ER3050",267,-13.0077535274034,0.149180703350478,-0.000568118453015869,1.22424203723139,3.02802990491075e-05,0.932958190313193,13.8328032054545,19.7128315011364,30,5
"233",2017,"ER3257",268,-6.12631223677885,0.226979957576555,-0.00125332769648526,0.572350064909795,0.00296706216352803,0.570838968951544,13.7282834611189,19.7143950065152,42,7
"234",2017,"ER3259",269,-17.5054333319969,0.245759666037866,-0.000633998565079367,1.6117366514073,-0.00650206212947135,0.695707741102029,13.8102295952448,19.8121408377273,30,5
"235",2017,"ER3262",281,-2.72041566392071,0.00178168124576132,2.79060255952325e-05,0.916343522341243,0.00170146626491393,0.66677807311035,15.1536872715217,19.7681582215909,24,4
"236",2017,"ER3373",270,-5.07987929362636,0.0932676431809992,-0.000175251999773246,1.02456555904521,-0.00142790844154749,0.612096888044934,13.6798139853147,19.7430336347727,42,7
"237",2017,"ER3375",271,-9.50054556060596,0.209189566777026,-0.000549291529178898,1.11555840528733,-0.00418915813214595,0.605982869147083,13.7042462184722,19.7457822190152,29,5
"238",2017,"ER3376",272,-8.83666260695952,0.211462127455369,-0.000396140556088437,0.996620716797023,-0.00435462094016252,0.359186680557945,13.7938294979231,19.7028980825,42,7
"239",2017,"ER3477",157,5.8635023942083,-0.190116151280827,0.000886166122479823,0.770803122762048,0.00681935730374141,0.484584096061778,10.3446787517424,15.5711904648,18,3
"240",2017,"ER3584",273,-19.625464921949,0.227885919967579,-0.000646213492909394,1.52529880501462,-0.00360911392463551,0.829025698135614,13.8728546057986,19.7484395345455,29,5
"241",2017,"ER3638",158,-29.461950099261,0.642203673283403,-0.00409559749575374,1.16191679946389,0.00496883620565712,0.588190578327641,10.3451785713077,15.5038299049333,19,3
"242",2017,"ER3639",274,1.32366920991256,0.0314455472201347,-0.00016598024716554,0.658521412661309,0.00167688955773075,0.678371368194474,13.764446370979,19.7800400296212,42,7
"243",2017,"ER3719",159,0.660381528960305,0.163872019382098,-0.000394909105516273,0.54361296259996,-0.00464638854391952,0.608496192372255,12.49664493575,15.9407631572,14,2
"244",2017,"ER3720",160,10.7312589314061,-0.051843604109755,-0.00053721514505025,-0.380294220214828,0.0151211069869289,0.671506689187422,10.2904913917692,15.679138514,19,3
"245",2017,"ER4432",230,-3.77010744345156,0.187721104400487,-0.00162807681766236,0.23795668845737,0.00940592846913083,0.735676058378315,4.84843964825882,15.1728312151,70,5
"246",2017,"ER4532",231,-11.3961227757497,0.167281199663428,-0.000546797414722477,1.38801015283874,-0.00331910082030377,0.695455503188466,9.7474516481,15.1880093852,29,3
"247",2017,"ER4643",232,2.33377939309356,0.16548807581041,-0.00163144675937033,-0.201822990132538,0.0105603323084212,0.630392372761341,4.62458065578824,15.1919050996,55,5
"248",2017,"ER4643.",241,14.7825966514721,-0.0621015310015861,-0.000785917973858207,-0.984135127627799,0.0195862067427946,0.213326231497618,9.59161039892222,10.9412867018,15,1
"249",2017,"ER5142",249,-12.5212903826668,0.633857242600003,-0.00356410673333335,NA,NA,0.672552445719121,16.0290631284706,16.0290631284706,5,1
"250",2017,"ER5232",205,-132.118132161665,1.55166254838333,-0.00153404092380953,7.50826142577169,-0.0694619525993615,0.760448167933101,16.2715931906667,17.8577681676667,10,1
"251",2017,"ER5241",218,-0.982761473430095,0.0793020621455377,-0.000548922299334109,0.684929343910528,0.00260825769880441,0.824973488723636,2.97432104510256,16.2837957446812,70,6
"252",2017,"ER5538",206,-23.0031794108644,0.37766134550904,0.000360139931746044,2.39185507407953,-0.0242381219828399,0.604709525133784,16.0906737060833,17.7844559538333,10,1
"253",2017,"ER5539",207,-39.350332481058,0.375336072076001,0.00081998210158731,3.56922351048354,-0.028686066519192,0.461087184436818,16.09578023075,17.690022977,10,1
"254",2017,"ER5724",182,-4.35576789942712,0.130980986112498,-0.000763201557327576,0.731353668738924,0.00223730480061964,0.892398700897262,2.99197682778481,16.319663895,99,9
"255",2017,"ER5725",183,-3.67532969360734,0.089066398242072,-0.000537189411782202,0.971046224561454,0.00104074403471835,0.903353696431458,3.05408649712821,16.2509552772899,100,8
"256",2017,"ER5727",184,-8.51173060092171,0.16914087494446,-0.000589100923809516,1.07262538202771,-0.00228519519997659,0.657324658296379,12.79609102705,17.7946653693333,40,4
"257",2017,"ER5824",185,-0.0956407561725909,0.0189028454821709,-0.000280766995998295,0.744061952124121,0.00380563784045532,0.906019872901929,3.01025744626923,16.2130960023623,105,9
"258",2017,"ER6114",172,-10.3473393297242,0.12663440080066,-0.000744010816892217,1.12199219750406,0.00249420587471537,0.571358313669812,12.87444534025,18.0923963250588,95,10
"259",2017,"ER6115",173,-12.6722668125457,0.16190884961718,-0.000782428255639051,1.28686661792107,-9.5771690033162e-05,0.6324829226416,12.937615286425,18.1155473783529,95,10
"260",2017,"ER6116",174,-3.2455883482553,0.143400055688825,-0.000780973761236417,0.685667684317001,0.00166359545369641,0.49090759906491,12.7736468478,18.0440934077647,95,10
"261",2017,"ER6516",186,-6.86773058988574,0.148369815389447,-0.000668234848148151,1.01290959280393,-0.000323203107658824,0.734469327592755,12.858492068675,16.246401142375,30,3
"262",2017,"ER6517",175,-3.46023563545804,0.119318843389135,-0.000574855948872141,0.703773510148603,0.00121068304062337,0.627920397961681,12.82898132355,18.1535322949412,95,10
"263",2017,"ER6635",176,-34.801349014846,0.389729039781234,-0.000855918804427706,2.60006900618765,-0.0125889842406005,0.68488667322455,12.8112875753,18.0600554703529,95,10
"264",2017,"ER6636",177,-12.9083308560093,0.206533834835011,-0.00047774144310776,1.49490915312014,-0.0068182795613575,0.327044850220876,12.847444249925,18.1270193656471,95,10
"265",2017,"ER6834",187,-12.6232634089953,0.239823535899452,-0.000817491135147405,1.15396646115034,-0.00368837223720497,0.532353524078891,12.83758445355,18.1801890656471,70,7
"266",2017,"ER6920",178,-6.44718388227524,0.165780879041125,-0.00045597481139121,1.17858456653305,-0.00412458038594016,0.252460110521413,14.1684233994118,18.0656378970588,85,9
"267",2017,"ER7012",201,-25.876390442556,0.244756608767021,-7.49763999999863e-05,2.34649999908133,-0.0120430779809235,0.808699178098211,15.2521379772308,16.9291132390667,20,2
"268",2017,"ES METRONOM",277,10.7142838342283,-0.137223026842741,0.000439432624418298,0.32493506952118,0.00558551415380509,0.823392075491823,15.1032381562411,19.0911192284,21,4
"269",2017,"ESPEPONE",283,21.3181897188889,-0.127597272460317,0.00094670339365079,NA,NA,0.929323470867603,19.0090592170513,19.0090592170513,5,1
"270",2017,"LG30692",202,6.40851848784958,0.118043858464904,-0.000128350097619048,0.483957550412071,-0.00540539013096251,0.105898740301398,15.2083840732308,17.0256339969333,20,2
"271",2017,"MALLORY",278,-6.07358465239691,0.0329593260748845,-8.62267392063482e-05,1.18356507626174,2.87431330800424e-05,0.70844816468334,15.1192097841304,19.0572795598667,30,5
"272",2017,"NQ3839",236,1.36071941124468,0.0841735227416338,-0.00122485795555774,-0.0782089648324839,0.0127903596616076,0.67766443875985,4.69269355556471,15.2019643582,60,4
"273",2017,"NQ4078",235,5.76183254222884,0.0442144866659854,-0.000994688636954725,-0.169916638723437,0.0121388645214772,0.733845218372809,4.66630162281176,15.1897309861,65,5
"274",2017,"P0216",219,0.122461996475101,0.0606761964116442,-0.000634644352484886,0.585686081662276,0.00415926524119279,0.81555214847216,3.01837157546154,16.505466077971,74,5
"275",2017,"P0573",208,5.36040892857106,0.104714849856328,-0.000581479669841267,0.228555969042859,0.00204054136408144,0.608371615478414,16.18141149275,17.8297658261667,10,1
"276",2017,"P0725",220,-3.42816459775539,0.103621183858423,-0.00104945566863786,0.736319544908701,0.00571037632782928,0.911830503712281,3.10924621993671,16.2735805920725,74,7
"277",2017,"P0937",194,-13.7134702837951,0.249012090418366,-0.000798041469523792,1.28163545262636,-0.00425652770102056,0.431324707842368,14.2439053325882,18.1705575428235,50,5
"278",2017,"P1524",199,-21.2257397108662,0.353921544989165,-0.00155140193492062,1.26185022977965,-0.00113939181010299,0.866590798511028,14.2322146017647,18.0713397574118,20,2
"279",2017,"P1547",188,-2.35981665827235,0.00637699446630131,-4.78820222222241e-05,1.34910634409455,-0.00240322491073104,0.749403812614667,12.867341640425,16.243280428875,30,3
"280",2017,"P1570",195,17.2766074902484,-0.0355045807283053,1.7663211111119e-05,-0.0955905587700791,0.00269950904207303,0.116896364570926,15.1968851603077,17.18323505925,40,4
"281",2017,"P9234",233,5.09226293609071,0.0712826385210615,-0.00137009872572792,-0.404011649432766,0.0154169091524532,0.782544037944364,4.78118787421176,15.2435221158,70,5
"282",2017,"P9241",234,11.7796286393938,0.0108313319927408,-0.00133789189421038,-0.909924959428995,0.0198914199763902,0.774467441553153,5.67233444421333,15.1943609633,59,5
"283",2017,"P9903",221,1.07818888400185,0.00373332067076182,-0.000152239581124731,0.680150071777322,0.00268355478773367,0.859812288479447,2.99199566525641,16.3634787821857,73,5
